run,variant,split,seed,val_best_test_mse,final_test_mse,best_val_loss,best_ep
v15_seed_splits1_sd7,v15,splits1,7,0.4105578147764526,0.4359552016231551,0.3320919498393022,
v15_seed_splits1_sd42,v15,splits1,42,0.3986250734262502,0.4196227245421997,0.3460262552532669,
v15_seed_splits1_sd123,v15,splits1,123,0.4136933956795664,0.4080591218740637,0.3358525390095718,
v15_seed_splits1_sd1337,v15,splits1,1337,0.4019360447983577,0.4186099604772987,0.3360347644752496,
v15_seed_splits1_sd2025,v15,splits1,2025,0.4130900860555581,0.4193912816803847,0.3361430348852625,
vanilla_seed_splits1_sd7,vanilla,splits1,7,0.4137210661906804,0.4145880162493506,0.3514726121438207,
vanilla_seed_splits1_sd42,vanilla,splits1,42,0.4032380545317237,0.4367378885065441,0.3605346672188539,
vanilla_seed_splits1_sd123,vanilla,splits1,123,0.404687509941521,0.4152601941196776,0.3541311464429675,
vanilla_seed_splits1_sd1337,vanilla,splits1,1337,0.5441375682269459,0.4940645260764147,0.3538715113498658,
vanilla_seed_splits1_sd2025,vanilla,splits1,2025,0.4095192815719256,0.4193754137229563,0.3543701306493445,
v15_seed_splits2_sd7,v15,splits2,7,0.1809299889591432,0.1809893846031158,0.1732540668121406,
v15_seed_splits2_sd42,v15,splits2,42,0.1857257326524103,0.1845537306320282,0.1789981491711675,
v15_seed_splits2_sd123,v15,splits2,123,0.184144101315929,0.185741724650706,0.1777028589933907,
v15_seed_splits2_sd1337,v15,splits2,1337,0.1854705363512039,0.1882742914942003,0.1787836273916724,
v15_seed_splits2_sd2025,v15,splits2,2025,0.1822101947761351,0.1823452628668277,0.175088926338825,
vanilla_seed_splits2_sd7,vanilla,splits2,7,0.253259896006315,0.258431570328051,0.2448840165117971,
vanilla_seed_splits2_sd42,vanilla,splits2,42,0.2493230873538602,0.2546775349686223,0.2418618037485752,
vanilla_seed_splits2_sd123,vanilla,splits2,123,0.2535530800780942,0.2530245795605644,0.2438497698428679,
vanilla_seed_splits2_sd1337,vanilla,splits2,1337,0.2485502311779606,0.255055988315613,0.2448567921409801,
vanilla_seed_splits2_sd2025,vanilla,splits2,2025,0.2532176830595539,0.2548571494798506,0.2426940362875153,
