Species_Name,TAX_ID,Type
Stenotrophomonas maltophilia,40324,Gram-negative
Enterococcus faecium,1352,Gram-positive
Escherichia coli,562,Gram-negative
Pseudomonas aeruginosa,287,Gram-negative
Staphylococcus aureus,1280,Gram-positive
Candida albicans,5476,Fungi
Cutibacterium acnes,1747,Gram-positive
Streptococcus mutans,1309,Gram-positive
Staphylococcus epidermidis,1282,Gram-positive
Acinetobacter baumannii,470,Gram-negative
Burkholderia pseudomallei,28450,unknown
Candida tropicalis,5482,Fungi
Nakaseomyces glabratus,5478,Fungi
Cryptococcus neoformans,5207,Fungi
Streptococcus gordonii,1302,Gram-positive
Streptococcus sanguinis,1305,Gram-positive
Burkholderia cenocepacia,95486,Gram-negative
Francisella tularensis,263,unknown
Listeria monocytogenes,1639,Gram-positive
Porphyromonas gingivalis,837,unknown
Aspergillus fumigatus,746128,Fungi
Fusarium solani,169388,Fungi
Streptococcus parasanguinis,1318,Gram-positive
Streptococcus oralis,1303,Gram-positive
Streptococcus sobrinus,1310,Gram-positive
Neurospora crassa,5141,Fungi
Streptococcus salivarius,1304,Gram-positive
Enterococcus faecalis,1351,Gram-positive
Ligilactobacillus salivarius,1624,Gram-positive
Candida dubliniensis,42374,Fungi
Pichia kudriavzevii,4909,Fungi
Listeria ivanovii,1638,Gram-positive
Bacillus subtilis,1423,Gram-positive
Aggregatibacter actinomycetemcomitans,714,Gram-negative
Burkholderia ambifaria,152480,Gram-negative
Klebsiella pneumoniae,573,Gram-negative
Burkholderia multivorans,87883,Gram-negative
Salmonella enterica,28901,Gram-negative
Burkholderia dolosa,152500,Gram-negative
Burkholderia stabilis,95485,Gram-negative
Burkholderia thailandensis,57975,Gram-negative
Staphylococcus haemolyticus,1283,Gram-positive
Staphylococcus saprophyticus,29385,Gram-positive
Staphylococcus lugdunensis,28035,Gram-positive
Enterococcus casseliflavus,37734,Gram-positive
Pseudomonas putida,303,Gram-negative
Acinetobacter nosocomialis,106654,Gram-negative
Pseudomonas fluorescens,294,Gram-negative
Klebsiella oxytoca,571,Gram-negative
Bacillus anthracis,1392,unknown
Bacillus cereus,1396,Gram-positive
Aspergillus brasiliensis,319629,Fungi
Salmonella typhimurium,90371,Gram-negative
Salmonella enteritidis,149539,Gram-negative
Vibrio cholerae,666,Gram-negative
Vibrio parahaemolyticus,670,Gram-negative
Acinetobacter calcoaceticus,471,Gram-negative
Aspergillus flavus,5059,Fungi
Aspergillus niger,5061,Fungi
Aspergillus ochraceus,40380,Fungi
Aspergillus parasiticus,5067,Fungi
Aspergillus sydowii,75750,Fungi
Aspergillus clavatus,5057,Fungi
Aspergillus terreus,33178,Fungi
Acinetobacter faecalis,2665161,unknown
Aspergillus ustus,40382,Fungi
Acinetobacter bohemicus,1435036,Gram-negative
Acinetobacter johnsonii,40214,Gram-negative
Acinetobacter junii,40215,Gram-negative
Bacillus amyloliquefaciens,1390,Gram-positive
Aspergillus oryzae,5062,Fungi
Bacillus luti,2026191,Gram-positive
Burkholderia cepacia,292,Gram-negative
Bacillus licheniformis,1402,Gram-positive
Aspergillus nidulans,162425,Fungi
Bacillus mycoides,1405,Gram-positive
Candida parapsilosis,5480,Fungi
Cryptococcus gattii,37769,Fungi
Bacillus magaterium,1799160,unknown
Bacillus velezensis,492670,Gram-positive
Bacillus pumilus,1408,Gram-positive
Fusarium avenaceum,40199,Fungi
Bacillus thuringiensis,1428,Gram-positive
Enterococcus durans,53345,Gram-positive
Fusarium graminearum,5518,Fungi
Fusarium culmorum,5516,Fungi
Fusarium subglutinans,42677,Fungi
Fusarium verticillioides,117187,Fungi
Burkholderia mallei,13373,unknown
Enterococcus plantarum,1077675,Gram-positive
Enterococcus hirae,1354,Gram-positive
Enterococcus mundtii,53346,Gram-positive
Klebsiella aerogenes,548,Gram-negative
Listeria fleischmannii,1069827,Gram-positive
Lactobacillus gallinarum,52242,Gram-positive
Fusarium proliferatum,948311,Fungi
Lactobacillus delbrueckii,1584,Gram-positive
Lactobacillus acidophilus,1579,Gram-positive
Listeria grayi,1641,Gram-positive
Lactobacillus helveticus,1587,Gram-positive
Pseudomonas haemolytica,2600065,unknown
Listeria seeligeri,1640,Gram-positive
Listeria innocua,1642,Gram-positive
Pichia membranifaciens,4926,Fungi
Pseudomonas plecoglossicida,70775,Gram-negative
Pseudomonas alginovora,37638,Gram-negative
Streptococcus alactolyticus,29389,Gram-positive
Pseudomonas syringae,317,Gram-negative
Streptococcus agalactiae,1311,Gram-positive
Staphylococcus carnosus,1281,Gram-positive
Staphylococcus capitis,29388,Gram-positive
Staphylococcus auricularis,29379,Gram-positive
Streptococcus constellatus,76860,Gram-positive
Streptococcus anginosus,1328,Gram-positive
Staphylococcus delphini,53344,Gram-positive
Streptococcus equi,1336,Gram-positive
Staphylococcus faecalis,310516,unknown
Staphylococcus gallinarum,1293,Gram-positive
Streptococcus gallolyticus,315405,Gram-positive
Streptococcus hyointestinalis,1337,Gram-positive
Staphylococcus hyicus,1284,Gram-positive
Staphylococcus hominis,1290,Gram-positive
Streptococcus infantis,68892,Gram-positive
Streptococcus iniae,1346,Gram-positive
Staphylococcus intermedius,1285,Gram-positive
Streptococcus dysgalactiae,1334,Gram-positive
Streptococcus lutetiensis,150055,Gram-positive
Streptococcus equinus,1335,Gram-positive
Streptococcus mitis,28037,Gram-positive
Stenotrophomonas sp.,69392,unknown
Staphylococcus pseudintermedius,283734,Gram-positive
Staphylococcus simulans,1286,Gram-negative
Streptococcus pyogenes,1314,Gram-positive
Streptococcus sciuri,2973939,unknown
Streptococcus suis,1307,Gram-positive
Aureobasidium pullulans,5580,Fungi
Streptococcus uberis,1349,Gram-positive
Botrytis cinerea,40559,Fungi
Batrachochytrium dendrobatidis,109871,Fungi
Staphylococcus warneri,1292,Gram-positive
Staphylococcus xylosus,1288,Gram-positive
Arthrobacter globiformis,1665,Gram-positive
Aerococcus viridans,1377,Gram-positive
Corynebacterium glutamicum,1718,Gram-positive
Streptococcus thermophilus,1308,Gram-positive
Priestia megaterium,1404,Gram-positive
Clostridium perfringens,1502,Gram-positive
Enterobacter cloacae,550,Gram-negative
Edwardsiella tarda,636,Gram-negative
Penicillium digitatum,36651,Fungi
Penicillium italicum,40296,Fungi
Vibrio anguillarum,55601,Gram-negative
Micrococcus luteus,1270,Gram-positive
Lactococcus lactis,1358,Gram-positive
Saccharomyces cerevisiae,4932,Fungi
Nocardia asteroides,1824,Gram-positive
Proteus mirabilis,584,Gram-negative
Pasteurella multocida,747,Gram-negative
Proteus vulgaris,585,Gram-negative
Penicillium expansum,27334,Fungi
Shigella dysenteriae,622,Gram-negative
Sphingobacterium lactis,797291,Gram-negative
Serratia marcescens,615,Gram-negative
Shigella sonnei,624,Gram-negative
Vibrio alginolyticus,663,Gram-negative
Trichophyton rubrum,5551,Fungi
Candida boidinii,5477,Fungi
Fusarium cerealis,56641,Fungi
Fusarium oxysporum,5507,Fungi
Vibrio harveyi,669,Gram-negative
Vibrio vulnificus,672,Gram-negative
Aureobasidium sp.,61296,Fungi
Rhodococcus rhodochrous,1829,Gram-positive
Lactococcus garvieae,1363,Gram-positive
Alternaria longipes,160389,Fungi
Ascochyta rabiei,5454,Fungi
Aeromonas salmonicida,645,Gram-negative
Streptococcus pneumoniae,1313,Gram-positive
Aeromonas caviae,648,Gram-negative
Aeromonas hydrophila,644,Gram-negative
Bacteroides fragilis,817,Gram-negative
Cercospora beticola,122368,Fungi
Chaetomium globosum,38033,Fungi
Bifidobacterium adolescentis,1680,Gram-positive
Cladosporium sphaerospermum,92950,Fungi
Bacteroides thetaiotaomicron,818,Gram-negative
Bifidobacterium breve,1685,Gram-positive
Colletotrichum lindemuthianum,290576,Fungi
Bifidobacterium catenulatum,1686,unknown
Citrobacter freundii,546,Gram-negative
Clavibacter michiganensis,28447,unknown
Erwinia amylovora,552,unknown
Clostridium sporogenes,1509,Gram-positive
Haemophilus influenzae,727,Gram-negative
Helicobacter pylori,210,Gram-negative
Leuconostoc lactis,1246,Gram-positive
Neisseria cinerea,483,Gram-negative
Penicillium jensenii,261906,Fungi
Moraxella catarrhalis,480,Gram-negative
Pyrenophora tritici-repentis,45151,Fungi
Pyricularia oryzae,318829,Fungi
Neisseria gonorrhoeae,485,Gram-negative
Rhizoctonia solani,456999,Fungi
Pseudomonas sp.,306,unknown
Neisseria meningitidis,487,Gram-negative
Pythium graminicola,82937,unknown
Trichophyton mentagrophytes,523103,Fungi
Nocardia brasiliensis,37326,Gram-positive
Verticillium dahliae,27337,Fungi
Sphingobacterium sp.,341027,unknown
Sphingobacterium siyangense,459529,Gram-negative
Shigella flexneri,623,Gram-negative
Alternaria brassicae,29911,Fungi
Ascochyta pisi,749586,Fungi
Aspergillus versicolor,46472,Fungi
Veillonella parvula,29466,Gram-negative
Vibrio splendidus,29497,Gram-negative
Yersinia enterocolitica,630,Gram-negative
Agrobacterium tumefaciens,358,Gram-negative
Clostridium botulinum,1491,unknown
Clostridium septicum,1504,Gram-positive
Macrophomina phaseolina,35725,Fungi
Microsporum canis,63405,Fungi
Penicillium crustosum,36656,Fungi
Brucella suis,29461,Gram-negative
Klebsiella sp.,576,unknown
Edwardsiella ictaluri,67780,Gram-negative
Leucothrix mucor,45248,unknown
Pseudomonas oryzae,1392877,unknown
Propionibacterium freudenreichii,1744,Gram-positive
Sclerotinia sclerotiorum,5180,Fungi
Trichoderma viride,5547,Fungi
Perkinsus marinus,31276,unknown
Pediococcus parvulus,54062,Gram-positive
Trypanosoma cruzi,5693,unknown
Pseudomonas luteola,47886,Gram-negative
Malassezia sympodialis,76777,Fungi
Providencia stuartii,588,Gram-negative
Ureaplasma canigenitalium,42092,unknown
Ureaplasma urealyticum,2130,Gram-negative
Streptococcus sp.,1306,unknown
Kocuria rhizophila,72000,Gram-positive
Corynebacterium diphtheriae,1717,Gram-positive
Corynebacterium xerosis,1725,Gram-positive
Pyricularia grisea,148305,Fungi
Geotrichum candidum,1173061,Fungi
Trichosporon beigelii,5553,Fungi
Ralstonia pickettii,329,Gram-negative
Aggregatibacter sp.,1872413,unknown
Achromobacter xylosoxidans,85698,Gram-negative
Xanthomonas campestris,339,Gram-negative
Mycobacterium tuberculosis,1773,unknown
Lacticaseibacillus casei,1582,Gram-positive
Veillonella atypica,39777,Gram-negative
Kitasatospora kifunensis,58351,unknown
Alternaria alternata,5599,Fungi
Cladosporium herbarum,29918,Fungi
Geobacillus stearothermophilus,1422,Gram-positive
Rhodococcus oryzae,2571143,unknown
Levilactobacillus brevis,1580,Gram-positive
Bordetella bronchiseptica,518,Gram-negative
Pectobacterium carotovorum,554,Gram-negative
Xanthomonas vesicatoria,56460,unknown
Alternaria dauci,48095,Fungi
Alternaria brassicicola,29001,Fungi
Fusarium haematococcum,984957,Fungi
Pseudomonas corrugata,47879,Gram-negative
Acholeplasma laidlawii,2148,Gram-negative
Spiroplasma melliferum,2134,unknown
Mannheimia haemolytica,75985,Gram-negative
Sinorhizobium meliloti,382,Gram-negative
Bibersteinia trehalosi,47735,Gram-negative
Corynebacterium pseudotuberculosis,1719,Gram-positive
Fusobacterium nucleatum,851,Gram-negative
Pediococcus pentosaceus,1255,Gram-positive
Penicillium urticae,29844,Fungi
Weissella viridescens,1629,Gram-positive
Rhizopus stolonifer,4846,Fungi
Carnobacterium maltaromaticum,2751,Gram-positive
Lactiplantibacillus plantarum,1590,Gram-positive
Schizosaccharomyces pombe,4896,Fungi
Latilactobacillus sakei,1599,Gram-positive
Pediococcus acidilactici,1254,Gram-positive
Corynebacterium jeikeium,38289,Gram-positive
Micrococcus sp.,1271,unknown
Yersinia pseudotuberculosis,633,Gram-negative
Cronobacter sakazakii,28141,Gram-negative
Cronobacter muytjensii,413501,Gram-negative
Brenneria salicis,55214,Gram-negative
Malassezia furfur,55194,Fungi
Kluyveromyces marxianus,4911,Fungi
Pachysolen tannophilus,4918,Fungi
Trichoderma harzianum,5544,Fungi
Rhodotorula mucilaginosa,5537,Fungi
Paenibacillus alvei,44250,Gram-positive
Morganella morganii,582,Gram-negative
Elizabethkingia meningoseptica,238,Gram-negative
Streptomyces aureus,193461,Gram-positive
Saccharibacillus kuerlensis,459527,Gram-positive
Citrobacter koseri,545,Gram-negative
Yersinia ruckeri,29486,Gram-negative
Psychrobacter faecalis,180588,Gram-negative
Mycobacterium avium,1764,Gram-positive
Ramulariopsis gossypii,378545,Fungi
Trichoderma asperellum,101201,Fungi
Yersinia pestis,632,unknown
Serratia rubidaea,61652,Gram-negative
Brucella abortus,235,Gram-negative
Xanthomonas axonopodis,53413,unknown
Spiroplasma citri,2133,unknown
Mycoplasma mycoides,2102,unknown
Spiroplasma floricola,216937,unknown
Fusobacterium varium,856,unknown
Prevotella melaninogenica,28132,Gram-negative
Clostridium tertium,1559,Gram-positive
Peptoniphilus asaccharolyticus,1258,Gram-positive
Peptostreptococcus anaerobius,1261,Gram-positive
Phytophthora nicotianae,4792,unknown
Mammaliicoccus lentus,42858,Gram-positive
Legionella feeleii,453,Gram-negative
Legionella longbeachae,450,Gram-negative
Legionella pneumophila,446,Gram-negative
Alcaligenes faecalis,511,Gram-negative
Cutibacterium sp.,1912221,unknown
Vibrio metschnikovii,28172,Gram-negative
Latilactobacillus curvatus,28038,Gram-positive
Beauveria bassiana,176275,Fungi
Trypanosoma brucei,5691,unknown
Theileria equi,5872,unknown
Enterobacter sp.,42895,unknown
Pseudoalteromonas carrageenovora,227,unknown
Campylobacter jejuni,197,Gram-negative
Aeromonas intestinalis,1917144,unknown
Flavobacterium columnare,996,Gram-negative
Aeromonas sobria,646,Gram-negative
Sporothrix schenckii,29908,Fungi
Zymomonas mobilis,542,Gram-negative
Actinomyces viscosus,1656,Gram-positive
Trichophyton sp.,1903958,Fungi
Actinomyces naeslundii,1655,Gram-positive
Xanthomonas arboricola,56448,unknown
Xanthomonas fragariae,48664,unknown
Limosilactobacillus fermentum,1613,Gram-positive
Saccharomyces sp.,4935,Fungi
Photobacterium damselae,38293,Gram-negative
Shewanella putrefaciens,24,Gram-negative
Vibrio aestuarianus,28171,Gram-negative
Xanthomonas citri,346,unknown
Planococcus citreus,1373,unknown
Leuconostoc mesenteroides,1245,Gram-positive
Legionella bozemanae,447,Gram-negative
Trichophyton simii,63406,Fungi
Psychrobacter immobilis,498,Gram-negative
Legionella micdadei,451,Gram-negative
Legionella oakridgensis,29423,Gram-negative
Dermacoccus nishinomiyaensis,1274,Gram-positive
Gardnerella vaginalis,2702,Gram-negative
Lactobacillus crispatus,47770,Gram-positive
Lactobacillus gasseri,1596,Gram-positive
Lactobacillus jensenii,109790,Gram-positive
Streptococcus intermedius,1338,Gram-positive
Acetobacterium wieringae,52694,unknown
Pichia sp.,4925,Fungi
Enterococcus avium,33945,Gram-positive
Streptococcus pasteurianus,197614,Gram-positive
Providencia rettgeri,587,Gram-negative
Tetragenococcus halophilus,51669,Gram-positive
Acinetobacter sp.,472,unknown
Enterococcus gallinarum,1353,Gram-positive
Arcyria cinerea,137621,unknown
Bordetella pertussis,520,Gram-negative
Raoultella terrigena,577,Gram-negative
Glaesserella parasuis,738,Gram-negative
Microbacterium maritypicum,33918,Gram-negative
Lysinibacillus sphaericus,1421,Gram-positive
Corynebacterium stationis,1705,Gram-positive
Actinobacillus pleuropneumoniae,715,Gram-negative
Botrytis sp.,1849799,Fungi
Vibrio nigripulchritudo,28173,Gram-negative
Burkholderia sp.,36773,unknown
Vibrio coralliilyticus,190893,Gram-negative
Aspergillus awamori,105351,Fungi
Campylobacter coli,195,Gram-negative
Campylobacter lari,201,Gram-negative
Carnobacterium mobile,2750,unknown
Aeromonas veronii,654,Gram-negative
Raoultella ornithinolytica,54291,Gram-negative
Histophilus somni,731,Gram-negative
Priestia flexa,86664,Gram-positive
Enterococcus sp.,35783,unknown
Pasteurella sp.,759,unknown
Vibrio penaeicida,104609,Gram-negative
Yarrowia lipolytica,4952,Fungi
Colletotrichum graminicola,31870,Fungi
Fulvia fulva,5499,Fungi
Staphylococcus cohnii,29382,Gram-positive
Penicillium roqueforti,5082,Fungi
Azotobacter vinelandii,354,Gram-negative
Cupriavidus necator,106590,unknown
Corynebacterium sp.,1720,unknown
Leishmania infantum,5671,unknown
Actinomyces israelii,1659,Gram-positive
Ralstonia solanacearum,305,unknown
Microbacterium oxydans,82380,Gram-positive
Sporosarcina ureae,1571,unknown
Lelliottia amnigena,61646,Gram-negative
Kluyvera cryocrescens,580,Gram-negative
Salmonella sp.,599,unknown
Franconibacter helveticus,357240,Gram-negative
Trichomonas vaginalis,5722,unknown
Miamiensis avidus,279580,unknown
Vibrio tapetis,52443,Gram-negative
Flavobacterium psychrophilum,96345,Gram-negative
Vibrio fluvialis,676,Gram-negative
Vibrio ordalii,28174,Gram-negative
Vibrio campbellii,680,Gram-negative
Rothia nasimurium,85336,Gram-positive
Delftia acidovorans,80866,Gram-negative
Xanthomonas oryzae,347,unknown
Papiliotrema laurentii,5418,Fungi
Alicyclobacillus acidoterrestris,1450,Gram-positive
Paenibacillus polymyxa,1406,Gram-positive
Clostridioides difficile,1496,Gram-positive
Francisella sp.,2047875,unknown
Carnobacterium divergens,2748,Gram-positive
Aspicilia cinerea,170004,Fungi
Bacillus atrophaeus,1452,Gram-positive
Lacinutrix algicola,342954,unknown
Leishmania major,5664,unknown
Shigella boydii,621,Gram-negative
Vibrio litoralis,335972,Gram-negative
Colletotrichum gloeosporioides,474922,Fungi
Trichoderma virens,29875,Fungi
Vibrio ichthyoenteri,142461,Gram-negative
Paracoccidioides brasiliensis,121759,Fungi
Paracoccidioides lutzii,1048829,Fungi
Acinetobacter baylyi,202950,Gram-negative
Vibrio scophthalmi,45658,Gram-negative
Lichtheimia corymbifera,42458,Fungi
Mucor circinelloides,36080,Fungi
Pseudomonas tolaasii,29442,Gram-negative
Pluralibacter gergoviae,61647,Gram-negative
Kluyveromyces lactis,28985,Fungi
Debaryomyces hansenii,4959,Fungi
Alkalihalobacillus alcalophilus,1445,Gram-positive
Candida viswanathii,5486,Fungi
Lacticaseibacillus rhamnosus,47715,Gram-positive
Enterobacter asburiae,61645,Gram-negative
Syspastospora parasitica,152787,Fungi
Vibrio proteolyticus,671,Gram-negative
Streptococcus parauberis,1348,Gram-positive
Edwardsiella piscicida,1263550,unknown
Chromobacterium violaceum,536,Gram-negative
Penicillium thomii,36647,Fungi
Leishmania mexicana,5665,unknown
Leishmania donovani,5661,unknown
Bifidobacterium longum,216816,Gram-positive
Lactococcus kimchii,2568007,Gram-positive
Paenibacillus solanacearum,2048548,Gram-positive
Shewanella oneidensis,70863,Gram-negative
Mannheimia bovis,2770636,unknown
Candida zeylanoides,5493,Fungi
Fusarium breve,2747387,Fungi
Pyricularia parasitica,228892,Fungi
Trichosporon asahii,82508,Fungi
Corynebacterium renale,1724,Gram-positive
Cercospora nicotianae,29003,Fungi
Paenibacillus tritici,1873425,Gram-positive
Pseudoalteromonas denitrificans,43656,unknown
Phytophthora cryptogea,4786,unknown
Agrobacterium radiobacter,362,Gram-negative
Leishmania amazonensis,5659,unknown
Leishmania tropica,5666,unknown
Leishmania braziliensis,5660,unknown
Colletotrichum orbiculare,5465,Fungi
Phytophthora infestans,4787,unknown
Alternaria solani,48100,Fungi
Pichia exigua,1171599,Fungi
Trichoderma hamatum,49224,Fungi
Microsporum audouinii,34393,Fungi
Colletotrichum acutatum,27357,Fungi
Botrytis elliptica,278938,Fungi
Raoultella sp.,1873496,unknown
Sclerotinia trifoliorum,28548,Fungi
Streptomyces tritici,2054410,Gram-positive
Phytophthora litchii,100870,unknown
Phytophthora pisi,1131323,unknown
Penicillium chrysogenum,5076,Fungi
Phytophthora capsici,4784,unknown
Lacticaseibacillus paracasei,1597,Gram-positive
Lactobacillus sp.,1591,unknown
Colletotrichum falcatum,129314,Fungi
Limosilactobacillus reuteri,1598,Gram-positive
Vibrio sp.,678,unknown
Acinetobacter lwoffii,28090,Gram-negative
Carnobacterium funditum,2752,Gram-positive
Weissella cibaria,137591,Gram-positive
Microbacterium hominis,162426,Gram-positive
Clostridium tyrobutyricum,1519,Gram-positive
Mycobacterium albicans,2825890,unknown
Paenibacillus larvae,1464,Gram-positive
Corynebacterium bovis,36808,Gram-positive
Rhizopus homothallicus,86632,Fungi
Pythium aphanidermatum,65070,unknown
Phytophthora cichorii,1320215,unknown
Clostridium gallinarum,2762246,unknown
Trypanosoma equiperdum,5694,unknown
Trypanosoma evansi,5697,unknown
Haemophilus ducreyi,730,unknown
Fusarium lactis,48493,Fungi
Fusarium equiseti,61235,Fungi
Fusarium poae,36050,Fungi
Aspergillus giganteus,5060,Fungi
Fusarium sporotrichioides,5514,Fungi
Weissella paramesenteroides,1249,Gram-positive
Paenibacillus macerans,44252,Gram-positive
Streptococcus viridans,78535,unknown
Paenibacillus granivorans,119702,unknown
Corynebacterium striatum,43770,Gram-positive
Listeria welshimeri,1643,Gram-positive
