TAX_ID,Type
1280,Gram-Positive
40324,Other/Unknown
287,Other/Unknown
562,Other/Unknown
1352,Gram-Positive
1747,Gram-Positive
1309,Gram-Positive
1282,Gram-Positive
5476,Fungi
470,Other/Unknown
28450,Other/Unknown
1302,Gram-Positive
1305,Gram-Positive
95486,Other/Unknown
1639,Gram-Positive
5482,Fungi
5478,Fungi
5207,Fungi
263,Other/Unknown
837,Other/Unknown
1303,Gram-Positive
1318,Gram-Positive
1304,Gram-Positive
1310,Gram-Positive
746128,Fungi
169388,Fungi
1351,Gram-Positive
1624,Gram-Positive
5141,Fungi
1423,Gram-Positive
1638,Gram-Positive
714,Other/Unknown
42374,Fungi
4909,Fungi
573,Other/Unknown
28901,Other/Unknown
87883,Other/Unknown
152480,Other/Unknown
152500,Other/Unknown
95485,Other/Unknown
57975,Other/Unknown
1283,Gram-Positive
29385,Gram-Positive
28035,Gram-Positive
37734,Gram-Positive
303,Other/Unknown
294,Other/Unknown
106654,Other/Unknown
571,Other/Unknown
1396,Gram-Positive
1392,Gram-Positive
90371,Other/Unknown
149539,Other/Unknown
666,Other/Unknown
670,Other/Unknown
319629,Fungi
471,Other/Unknown
2665161,Other/Unknown
40214,Other/Unknown
1435036,Other/Unknown
40215,Other/Unknown
5059,Fungi
5061,Fungi
40380,Fungi
5067,Fungi
75750,Fungi
5057,Fungi
33178,Fungi
1390,Gram-Positive
40382,Fungi
292,Other/Unknown
1402,Gram-Positive
2026191,Gram-Positive
1405,Gram-Positive
5062,Fungi
1408,Gram-Positive
1428,Gram-Positive
492670,Gram-Positive
162425,Fungi
1799160,Gram-Positive
5480,Fungi
37769,Fungi
53345,Gram-Positive
13373,Other/Unknown
1354,Gram-Positive
40199,Fungi
53346,Gram-Positive
1077675,Gram-Positive
5518,Fungi
5516,Fungi
42677,Fungi
117187,Fungi
548,Other/Unknown
1584,Gram-Positive
1579,Gram-Positive
1069827,Gram-Positive
52242,Gram-Positive
1641,Gram-Positive
1587,Gram-Positive
948311,Fungi
1642,Gram-Positive
1640,Gram-Positive
2600065,Other/Unknown
70775,Other/Unknown
37638,Other/Unknown
317,Other/Unknown
1311,Gram-Positive
4926,Fungi
29389,Gram-Positive
29388,Gram-Positive
1281,Gram-Positive
76860,Gram-Positive
1328,Gram-Positive
29379,Gram-Positive
1336,Gram-Positive
53344,Gram-Positive
1293,Gram-Positive
310516,Gram-Positive
315405,Gram-Positive
1337,Gram-Positive
1284,Gram-Positive
1290,Gram-Positive
68892,Gram-Positive
1346,Gram-Positive
1285,Gram-Positive
1334,Gram-Positive
150055,Gram-Positive
1335,Gram-Positive
28037,Gram-Positive
283734,Gram-Positive
1314,Gram-Positive
1286,Gram-Positive
69392,Other/Unknown
2973939,Gram-Positive
1307,Gram-Positive
1349,Gram-Positive
1292,Gram-Positive
1288,Gram-Positive
1665,Gram-Positive
5580,Fungi
1377,Gram-Positive
40559,Fungi
109871,Fungi
1718,Gram-Positive
1404,Gram-Positive
1308,Gram-Positive
1502,Gram-Positive
550,Other/Unknown
636,Other/Unknown
1270,Gram-Positive
55601,Other/Unknown
1358,Gram-Positive
1824,Gram-Positive
36651,Fungi
40296,Fungi
584,Other/Unknown
747,Other/Unknown
585,Other/Unknown
4932,Fungi
622,Other/Unknown
797291,Other/Unknown
615,Other/Unknown
624,Other/Unknown
27334,Fungi
663,Other/Unknown
669,Other/Unknown
672,Other/Unknown
1829,Gram-Positive
1363,Gram-Positive
5551,Fungi
5477,Fungi
56641,Fungi
5507,Fungi
1313,Gram-Positive
645,Other/Unknown
61296,Fungi
648,Other/Unknown
644,Other/Unknown
160389,Fungi
5454,Fungi
817,Other/Unknown
818,Other/Unknown
1680,Gram-Positive
1685,Gram-Positive
1686,Gram-Positive
122368,Fungi
38033,Fungi
546,Other/Unknown
92950,Fungi
28447,Gram-Positive
1509,Gram-Positive
290576,Fungi
552,Other/Unknown
727,Other/Unknown
210,Other/Unknown
1246,Gram-Positive
480,Other/Unknown
483,Other/Unknown
485,Other/Unknown
487,Other/Unknown
37326,Gram-Positive
261906,Fungi
306,Other/Unknown
45151,Fungi
318829,Fungi
82937,Other/Unknown
456999,Fungi
341027,Other/Unknown
623,Other/Unknown
459529,Other/Unknown
523103,Fungi
29466,Gram-Positive
27337,Fungi
29497,Other/Unknown
630,Other/Unknown
358,Other/Unknown
29911,Fungi
749586,Fungi
46472,Fungi
29461,Other/Unknown
1491,Gram-Positive
1504,Gram-Positive
67780,Other/Unknown
576,Other/Unknown
45248,Other/Unknown
35725,Fungi
63405,Fungi
36656,Fungi
1744,Gram-Positive
1392877,Other/Unknown
54062,Gram-Positive
31276,Other/Unknown
588,Other/Unknown
47886,Other/Unknown
5180,Fungi
5547,Fungi
5693,Other/Unknown
42092,Other/Unknown
2130,Other/Unknown
1306,Gram-Positive
76777,Fungi
72000,Gram-Positive
1717,Gram-Positive
1725,Gram-Positive
1773,Gram-Positive
329,Other/Unknown
85698,Other/Unknown
339,Other/Unknown
148305,Fungi
1173061,Fungi
5553,Fungi
1872413,Other/Unknown
1582,Gram-Positive
39777,Gram-Positive
1422,Gram-Positive
58351,Gram-Positive
1580,Gram-Positive
518,Other/Unknown
2571143,Gram-Positive
5599,Fungi
29918,Fungi
554,Other/Unknown
56460,Other/Unknown
47879,Other/Unknown
2148,Other/Unknown
2134,Other/Unknown
382,Other/Unknown
48095,Fungi
29001,Fungi
984957,Fungi
75985,Other/Unknown
47735,Other/Unknown
1719,Gram-Positive
851,Other/Unknown
1255,Gram-Positive
1629,Gram-Positive
2751,Gram-Positive
1590,Gram-Positive
1599,Gram-Positive
29844,Fungi
1254,Gram-Positive
4846,Fungi
38289,Gram-Positive
633,Other/Unknown
4896,Fungi
1271,Gram-Positive
28141,Other/Unknown
413501,Other/Unknown
55214,Other/Unknown
44250,Gram-Positive
582,Other/Unknown
238,Other/Unknown
193461,Gram-Positive
55194,Fungi
4911,Fungi
4918,Fungi
5544,Fungi
5537,Fungi
545,Other/Unknown
29486,Other/Unknown
459527,Gram-Positive
1764,Gram-Positive
180588,Other/Unknown
61652,Other/Unknown
235,Other/Unknown
632,Other/Unknown
53413,Other/Unknown
378545,Fungi
101201,Fungi
2133,Other/Unknown
2102,Other/Unknown
216937,Other/Unknown
28132,Other/Unknown
856,Other/Unknown
1559,Gram-Positive
1258,Gram-Positive
1261,Gram-Positive
42858,Gram-Positive
4792,Other/Unknown
453,Other/Unknown
450,Other/Unknown
446,Other/Unknown
511,Other/Unknown
28038,Gram-Positive
28172,Other/Unknown
1912221,Gram-Positive
197,Other/Unknown
5691,Other/Unknown
227,Other/Unknown
5872,Other/Unknown
176275,Fungi
42895,Other/Unknown
646,Other/Unknown
1917144,Other/Unknown
996,Other/Unknown
542,Other/Unknown
1656,Gram-Positive
1655,Gram-Positive
1613,Gram-Positive
29908,Fungi
48664,Other/Unknown
56448,Other/Unknown
1903958,Fungi
38293,Other/Unknown
24,Other/Unknown
1245,Gram-Positive
28171,Other/Unknown
4935,Fungi
346,Other/Unknown
1373,Gram-Positive
498,Other/Unknown
447,Other/Unknown
451,Other/Unknown
29423,Other/Unknown
1274,Gram-Positive
63406,Fungi
2702,Gram-Positive
47770,Gram-Positive
1596,Gram-Positive
109790,Gram-Positive
1338,Gram-Positive
197614,Gram-Positive
33945,Gram-Positive
52694,Gram-Positive
587,Other/Unknown
51669,Gram-Positive
4925,Fungi
1353,Gram-Positive
577,Other/Unknown
520,Other/Unknown
472,Other/Unknown
137621,Other/Unknown
1421,Gram-Positive
738,Other/Unknown
715,Other/Unknown
33918,Gram-Positive
1705,Gram-Positive
28173,Other/Unknown
190893,Other/Unknown
195,Other/Unknown
201,Other/Unknown
1849799,Fungi
36773,Other/Unknown
2750,Gram-Positive
54291,Other/Unknown
105351,Fungi
654,Other/Unknown
731,Other/Unknown
86664,Gram-Positive
35783,Gram-Positive
29382,Gram-Positive
104609,Other/Unknown
354,Other/Unknown
759,Other/Unknown
106590,Other/Unknown
1659,Gram-Positive
4952,Fungi
31870,Fungi
5499,Fungi
1720,Gram-Positive
5082,Fungi
5671,Other/Unknown
305,Other/Unknown
82380,Gram-Positive
1571,Gram-Positive
61646,Other/Unknown
580,Other/Unknown
599,Other/Unknown
357240,Other/Unknown
5722,Other/Unknown
52443,Other/Unknown
279580,Other/Unknown
96345,Other/Unknown
676,Other/Unknown
680,Other/Unknown
28174,Other/Unknown
85336,Gram-Positive
80866,Other/Unknown
347,Other/Unknown
1450,Gram-Positive
1406,Gram-Positive
1496,Gram-Positive
2748,Gram-Positive
5418,Fungi
1452,Gram-Positive
2047875,Other/Unknown
342954,Other/Unknown
5664,Other/Unknown
621,Other/Unknown
170004,Fungi
202950,Other/Unknown
335972,Other/Unknown
142461,Other/Unknown
45658,Other/Unknown
29442,Other/Unknown
474922,Fungi
29875,Fungi
47715,Gram-Positive
121759,Fungi
1048829,Fungi
61647,Other/Unknown
1445,Gram-Positive
42458,Fungi
36080,Fungi
61645,Other/Unknown
671,Other/Unknown
28985,Fungi
4959,Fungi
536,Other/Unknown
5486,Fungi
1348,Gram-Positive
1263550,Other/Unknown
152787,Fungi
216816,Gram-Positive
5665,Other/Unknown
5661,Other/Unknown
2568007,Gram-Positive
36647,Fungi
70863,Other/Unknown
2048548,Gram-Positive
2770636,Other/Unknown
1724,Gram-Positive
1873425,Gram-Positive
362,Other/Unknown
43656,Other/Unknown
5493,Fungi
2747387,Fungi
228892,Fungi
82508,Fungi
4786,Other/Unknown
29003,Fungi
5659,Other/Unknown
5666,Other/Unknown
5660,Other/Unknown
2054410,Gram-Positive
4787,Other/Unknown
1873496,Other/Unknown
100870,Other/Unknown
5465,Fungi
1597,Gram-Positive
48100,Fungi
1171599,Fungi
49224,Fungi
34393,Fungi
27357,Fungi
278938,Fungi
1131323,Other/Unknown
28548,Fungi
4784,Other/Unknown
1598,Gram-Positive
1591,Gram-Positive
5076,Fungi
28090,Other/Unknown
678,Other/Unknown
2752,Gram-Positive
129314,Fungi
137591,Gram-Positive
1519,Gram-Positive
162426,Gram-Positive
1464,Gram-Positive
36808,Gram-Positive
2825890,Gram-Positive
65070,Other/Unknown
1320215,Other/Unknown
2762246,Gram-Positive
1249,Gram-Positive
86632,Fungi
5694,Other/Unknown
5697,Other/Unknown
730,Other/Unknown
43770,Gram-Positive
44252,Gram-Positive
1643,Gram-Positive
48493,Fungi
61235,Fungi
36050,Fungi
5060,Fungi
5514,Fungi
78535,Gram-Positive
119702,Gram-Positive
